codigo,nombre,precio,codigo_familia,nombre_familia,codigo_subfamilia,nombre_subfamilia,producto_asociad,estado
640," AGV HUEVO FRITO",1000.,"01","MR JACK","0109","AGREGADOS","0109","N"
625," AGV PALTA",1800.,"01","MR JACK","0109","AGREGADOS","0109","N"
799," AJUSTE MARKETING",1005.,"01","MR JACK","0109","AGREGADOS","0109","N"
4793," DRESSING BALSAMICO",0.00,"01","MR JACK","0108","AGR ENSALADA","0108","N"
4791," DRESSING CESAR",0.00,"01","MR JACK","0108","AGR ENSALADA","0108","N"
4776," DRESSING LIM/RUCULA",0.00,"01","MR JACK","0108","AGR ENSALADA","0108","N"
682," SIN MANTEQUILLA",0.00,"01","MR JACK","0109","AGREGADOS","0109",""
680," SIN PEPINILLOS",0.00,"01","MR JACK","0109","AGREGADOS","0109","X"
173,"+UNTSMAN BOCK",4800.,"02","BEB,JUG,CERV","0204","CERVEZAS","0204","N"
9002,"--->CONTINUA PEDIDO---->",0.00,"90","MENSAJES","9001","MENSAJES","9001",""
9003,"--->SIGUE EN OTRA COMANDA-->",0.00,"90","MENSAJES","9001","MENSAJES","9001",""
424,"ABSOLUT  APEACH",8900.,"03","LICORES","0304","VODKA","0200","N"
418,"ABSOLUT  BLUE",8900.,"03","LICORES","0304","VODKA","0200","N"
423,"ABSOLUT  RASPBERRY",8900.,"03","LICORES","0304","VODKA","0200","N"
427,"ABSOLUT PEARS",8900.,"03","LICORES","0304","VODKA","0200","N"
2907,"AGG COLESLAW",0.00,"01","MR JACK","0112","GUARNICIONES","","N"
2901,"AGG PAPAS FRITAS",0.00,"01","MR JACK","0112","GUARNICIONES","","N"
2903,"AGG PAPAS RUSTICAS",0.00,"01","MR JACK","0112","GUARNICIONES","","N"
2905,"AGG SALAD MIX",0.00,"01","MR JACK","0112","GUARNICIONES","","N"
4780,"AGP JUGO LIMON ENS",0.00,"01","MR JACK","0108","AGR ENSALADA","0108",""
664,"AGQ 3 QUESOS",2500.,"01","MR JACK","0109","AGREGADOS","0109","N"
613,"AGQ AZUL",2500.,"01","MR JACK","0109","AGREGADOS","0109","N"
611,"AGQ CHEDDAR",2000.,"01","MR JACK","0109","AGREGADOS","0109","N"
614,"AGQ CREMA",1300.,"01","MR JACK","0109","AGREGADOS","0109","N"
615,"AGQ MANTECOSO",2000.,"01","MR JACK","0109","AGREGADOS","0109","N"
612,"AGQ PARMESANO",1400.,"01","MR JACK","0109","AGREGADOS","0109","N"
8184,"AGR AJI PASTA FTE",100.0,"0+","FUENTE BARNECHEA","0+05","FTE AGREG","0+05","N"
8178,"AGR AJI VERDE FTE",900.0,"0+","FUENTE BARNECHEA","0+05","FTE AGREG","0+05","N"
8174,"AGR AMERICANA FTE",800.0,"0+","FUENTE BARNECHEA","0+05","FTE AGREG","0+05","N"
641,"AGR BACON JAM",2000.,"01","MR JACK","0109","AGREGADOS","0109","N"
7198,"AGR BACON JAM F",1200.,"00","FRANKS","0009","FRANK AGREG","0009","N"
7206,"AGR BBQ/MAYO F",800.0,"00","FRANKS","0009","FRANK AGREG","0009","N"
710,"AGR BURGER 150",1900.,"01","MR JACK","0109","AGREGADOS","0109","N"
727,"AGR BURGER 230",2900.,"01","MR JACK","0109","AGREGADOS","0109","N"
655,"AGR BURGER R",2900.,"01","MR JACK","0109","AGREGADOS","0109","N"
716,"AGR BURGER VEGANA",1800.,"01","MR JACK","0109","AGREGADOS","0109","N"
728,"AGR CAM TEMPURA",3500.,"01","MR JACK","0109","AGREGADOS","0109","N"
660,"AGR CAMARON   (D)",2500.,"01","MR JACK","0109","AGREGADOS","0109","N"
8168,"AGR CEB ASADA FTE",800.0,"0+","FUENTE BARNECHEA","0+05","FTE AGREG","0+05","N"
7196,"AGR CEB CRISPY F",1000.,"00","FRANKS","0009","FRANK AGREG","0009","N"
7194,"AGR CEB PICADA F",600.0,"00","FRANKS","0009","FRANK AGREG","0009","N"
622,"AGR CEBOLLA CRISPY",1000.,"01","MR JACK","0109","AGREGADOS","0109","N"
7182,"AGR CHEDDAR F",1500.,"00","FRANKS","0009","FRANK AGREG","0009","N"
7210,"AGR CHIPOTLE F",800.0,"00","FRANKS","0009","FRANK AGREG","0009","N"
8180,"AGR CHUCHRUT FTE",1000.,"0+","FUENTE BARNECHEA","0+05","FTE AGREG","0+05","N"
8194,"AGR EXTRABURGER FTE*",2800.,"0+","FUENTE BARNECHEA","0+05","FTE AGREG","0+05","N"
8192,"AGR EXTRACHURRASCO FT",2800.,"0+","FUENTE BARNECHEA","0+05","FTE AGREG","0+05","N"
8190,"AGR EXTRALOMITO FTE*",2800.,"0+","FUENTE BARNECHEA","0+05","FTE AGREG","0+05","N"
8170,"AGR HUEVO FRITO FTE",700.0,"0+","FUENTE BARNECHEA","0+05","FTE AGREG","0+05","N"
7202,"AGR JALAPENO F",1000.,"00","FRANKS","0009","FRANK AGREG","0009","N"
666,"AGR JR BURGER",1900.,"01","MR JACK","0109","AGREGADOS","0109","N"
138,"AGR JUGO LIMON ENS",0.00,"02","BEB,JUG,CERV","0202","JUGOS","0202","N"
8188,"AGR KETCHUP FTE",100.0,"0+","FUENTE BARNECHEA","0+05","FTE AGREG","0+05","X"
7190,"AGR LECHUGA F",800.0,"00","FRANKS","0009","FRANK AGREG","0009","N"
8172,"AGR MAYO CASERA FTE",1000.,"0+","FUENTE BARNECHEA","0+05","FTE AGREG","0+05","N"
667,"AGR MAYO VEGANA",300.0,"01","MR JACK","0109","AGREGADOS","0109","N"
652,"AGR MAYO-CHIPOTLE",1000.,"01","MR JACK","0109","AGREGADOS","0109","N"
139,"AGR MICHELADA",1500.,"02","BEB,JUG,CERV","0202","JUGOS","0202","N"
8186,"AGR MOSTAZA FTE",100.0,"0+","FUENTE BARNECHEA","0+05","FTE AGREG","0+05","N"
8162,"AGR PALTA FTE",1800.,"0+","FUENTE BARNECHEA","0+05","FTE AGREG","0+05","N"
7192,"AGR PALTA PANKO",1800.,"00","FRANKS","0009","FRANK AGREG","0009","N"
730,"AGR PANKO CHEESE",2900.,"01","MR JACK","0109","AGREGADOS","0109","N"
7214,"AGR PAPAS FRITAS F",2400.,"00","FRANKS","0009","FRANK AGREG","0009","N"
8182,"AGR PAPAS FRITAS FTE*",2400.,"0+","FUENTE BARNECHEA","0+05","FTE AGREG","0+05","N"
7200,"AGR PEPINILLO F",600.0,"00","FRANKS","0009","FRANK AGREG","0009","N"
658,"AGR POLLO ASADO",1900.,"01","MR JACK","0109","AGREGADOS","0109","N"
8166,"AGR POROTO VERDE FTE",1200.,"0+","FUENTE BARNECHEA","0+05","FTE AGREG","0+05","N"
610,"AGR Q APANADO",1800.,"01","MR JACK","0109","AGREGADOS","0109","N"
7184,"AGR Q AZUL F",2000.,"00","FRANKS","0009","FRANK AGREG","0009","N"
8164,"AGR Q MANTECOSO FTE",1800.,"0+","FUENTE BARNECHEA","0+05","FTE AGREG","0+05","N"
734,"AGR RED HOT",1000.,"01","MR JACK","0109","AGREGADOS","0109","N"
726,"AGR RIBS",2000.,"01","MR JACK","0109","AGREGADOS","0109","N"
146,"AGR RODAJA DE LIMON",0.00,"02","BEB,JUG,CERV","0202","JUGOS","0202","N"
7212,"AGR S TARTARA F",800.0,"00","FRANKS","0009","FRANK AGREG","0009","N"
700,"AGR SALMON AHUMADO",2900.,"01","MR JACK","0109","AGREGADOS","0109","N"
7204,"AGR SALSA FRANK F",800.0,"00","FRANKS","0009","FRANK AGREG","0009","N"
7208,"AGR SALSA Q AZUL F",1000.,"00","FRANKS","0009","FRANK AGREG","0009","N"
8176,"AGR SALSA VERDE FTE",800.0,"0+","FUENTE BARNECHEA","0+05","FTE AGREG","0+05","N"
736,"AGR TOCINO CROCANTE",1800.,"01","MR JACK","0109","AGREGADOS","0109","N"
7186,"AGR TOCINO F",1500.,"00","FRANKS","0009","FRANK AGREG","0009","N"
7188,"AGR TOMATE F",800.0,"00","FRANKS","0009","FRANK AGREG","0009","N"
8160,"AGR TOMATE FTE",900.0,"0+","FUENTE BARNECHEA","0+05","FTE AGREG","0+05","N"
732,"AGR TOSTADAS CRUDO",0.00,"01","MR JACK","0109","AGREGADOS","0109","N"
7180,"AGR TRIPLE BURGER F",3900.,"00","FRANKS","0009","FRANK AGREG","0009","N"
654,"AGS BBQ-MAYO",700.0,"01","MR JACK","0109","AGREGADOS","0109","N"
669,"AGS MAYO INGR",300.0,"01","MR JACK","0109","AGREGADOS","0109","N"
657,"AGS MAYO MESA",0.00,"01","MR JACK","0109","AGREGADOS","0109","N"
665,"AGS MOST/MIEL",600.0,"01","MR JACK","0109","AGREGADOS","0109","N"
651,"AGS SALSA BBQ",800.0,"01","MR JACK","0109","AGREGADOS","0109","N"
671,"AGS SALSA CESAR",400.0,"01","MR JACK","0109","AGREGADOS","0109","N"
646,"AGS SALSA CHEDAR",1200.,"01","MR JACK","0109","AGREGADOS","0109","N"
650,"AGS SALSA JACK",1000.,"01","MR JACK","0109","AGREGADOS","0109","N"
678,"AGS SOUR CREAM",600.0,"01","MR JACK","0109","AGREGADOS","0109","N"
676,"AGS SSA CAS ING",400.0,"01","MR JACK","0109","AGREGADOS","0109","N"
712,"AGS SSA JACK COR",0.00,"01","MR JACK","0109","AGREGADOS","0109","N"
649,"AGS SSA Q AZUL (D)",900.0,"01","MR JACK","0109","AGREGADOS","0109","N"
668,"AGS YOG/CIB (D)",400.0,"01","MR JACK","0109","AGREGADOS","0109","N"
628,"AGV  CEB MORADA",500.0,"01","MR JACK","0109","AGREGADOS","0109","N"
630,"AGV  LECHUGA",800.0,"01","MR JACK","0109","AGREGADOS","0109","N"
635,"AGV  PEPINILLO",800.0,"01","MR JACK","0109","AGREGADOS","0109","N"
631,"AGV  TOMATE",1000.,"01","MR JACK","0109","AGREGADOS","0109","N"
663,"AGV AJI VERDE (D)",300.0,"01","MR JACK","0109","AGREGADOS","0109","N"
627,"AGV CEB CARAM",1200.,"01","MR JACK","0109","AGREGADOS","0109","N"
621,"AGV CEBOLLA GRILL",900.0,"01","MR JACK","0109","AGREGADOS","0109","N"
620,"AGV CHAMPIGNONES",1500.,"01","MR JACK","0109","AGREGADOS","0109","N"
659,"AGV JALAPENOS",1000.,"01","MR JACK","0109","AGREGADOS","0109","N"
644,"AGV JAM SERRANO",1500.,"01","MR JACK","0109","AGREGADOS","0109","N"
637,"AGV ONION RINGS",1800.,"01","MR JACK","0109","AGREGADOS","0109","N"
629,"AGV RUCULA",1000.,"01","MR JACK","0109","AGREGADOS","0109","N"
642,"AGV TOCINO",1500.,"01","MR JACK","0109","AGREGADOS","0109","N"
222,"AMARETO SOUR",6900.,"03","LICORES","0301","SOURS","0301","N"
918,"AMARETTO",8900.,"03","LICORES","0309","OTROS","0200","N"
890,"APEROL",8900.,"03","LICORES","0309","OTROS","0200","N"
6806,"APPLE JACK",8500.,"03","LICORES","0312","DE AUTOR","0312","D"
84,"APPLE PIE",5900.,"01","MR JACK","0105","POSTRES","0105","N"
6016,"ATUN 200GR",9800.,"01","MR JACK","0107","PLATOS","0112","D"
162,"AUSTRAL CALAFATE",4800.,"02","BEB,JUG,CERV","0204","CERVEZAS","0204","N"
197,"AUSTRAL LAGER",4800.,"02","BEB,JUG,CERV","0204","CERVEZAS","0204","N"
163,"AUSTRAL PATAGONA",4800.,"02","BEB,JUG,CERV","0204","CERVEZAS","0204","N"
165,"AUSTRAL YAGAN",4800.,"02","BEB,JUG,CERV","0204","CERVEZAS","0204","N"
7150,"AVOCADO PANKO",11600,"00","FRANKS","0002","FRANK BURGERS","0002","N"
7110,"AVOCADO PANKO FINGER",7400.,"00","FRANKS","0001","PICOTEOS","0+09","N"
6801,"BAILEY'S BERRIES",8500.,"03","LICORES","0312","DE AUTOR","0312","D"
334,"BAILEYS O CAROLANS",7900.,"03","LICORES","0303","WHISKY","0200","N"
311,"BALLANTINES",8900.,"03","LICORES","0303","WHISKY","0200","N"
312,"BALLANTINES 12 A OS",9900.,"03","LICORES","0303","WHISKY","0200","N"
8200,"BARROS JARPA",8900.,"0+","FUENTE BARNECHEA","0+09","SANDWICH","0+05","N"
28,"BASTONES VERDURA",2800.,"01","MR JACK","0101","PARA PICAR","0101","D"
439,"BELVEDERE",14900,"03","LICORES","0304","VODKA","0200","N"
6008,"BIFE CHORIZO ANGUS",15900,"01","MR JACK","0107","PLATOS","0112","N"
7159,"BIG BIRD",10800,"00","FRANKS","0002","FRANK BURGERS","0002","N"
7161,"BIG BIRD HOT",10800,"00","FRANKS","0002","FRANK BURGERS","0002","N"
2103,"BIG CLASSIC",10800,"01","MR JACK","0103","SMASH BURGERS","0109","N"
7142,"BIG CLASSIC.",11400,"00","FRANKS","0002","FRANK BURGERS","0002","N"
98,"BILZ",2800.,"02","BEB,JUG,CERV","0201","BEBIDAS","0201","N"
2111,"BLUE CARAMEL",11400,"01","MR JACK","0103","SMASH BURGERS","0109","N"
7152,"BLUE CARAMEL.",11800,"00","FRANKS","0002","FRANK BURGERS","0002","N"
1054,"BLUE HONEY FRIES",8900.,"01","MR JACK","0101","PARA PICAR","0101","N"
7114,"BLUE HONEY FRIES..",7900.,"00","FRANKS","0001","PICOTEOS","0+09","N"
6307,"BOMBAY",8900.,"03","LICORES","0305","GIN","0200","N"
565,"BOT CAB/SAUV  RESERVA",19000,"04","VINOS","0402","BOTELLAS","0402","N"
567,"BOT CARMENERE  RESERV",19000,"04","VINOS","0402","BOTELLAS","0402","N"
586,"BOT CHARDONNAY RVA",19000,"04","VINOS","0402","BOTELLAS","0402","N"
577,"BOT RVA ESPECIAL",35000,"04","VINOS","0402","BOTELLAS","0402","N"
584,"BOT SAUV BLANC RESERV",19000,"04","VINOS","0402","BOTELLAS","0402","N"
583,"BOT VINO BLANCO PREMIUM",25000,"04","VINOS","0402","BOTELLAS","0402","N"
581,"BOT VINO TINTO PREMIUM",25000,"04","VINOS","0402","BOTELLAS","0402","N"
580,"BOTELLA ESPUMANTE PREMIUM",25000,"04","VINOS","0402","BOTELLAS","0402","N"
579,"BOTELLA ESPUMANTE*  S",19000,"04","VINOS","0402","BOTELLAS","0402","N"
335,"BOURBON SOUR",6500.,"03","LICORES","0303","WHISKY","0200","D"
6809,"BRAMBLE TEMPURA",8500.,"03","LICORES","0312","DE AUTOR","0312","D"
7242,"BROWNIE",6900.,"00","FRANKS","0003","POSTRES FRANK","0003","N"
194,"BUDWEISER",3400.,"02","BEB,JUG,CERV","0204","CERVEZAS","0204","N"
6310,"BULLDOG",10900,"03","LICORES","0305","GIN","0200","N"
600,"CAIPIRINHA",7900.,"03","LICORES","0309","OTROS","0200","N"
915,"CAIPIROSKA",7900.,"03","LICORES","0309","OTROS","0200","N"
599,"CAIPOROSKA STOLICHNAY",3600.,"03","LICORES","0309","OTROS","0200","D"
1048,"CALIFORNIA FRIES",8200.,"01","MR JACK","0101","PARA PICAR","0101","D"
5818,"CAMBIO A AMASADO",0.00,"01","MR JACK","0110","CAMBIOS","0110","N"
5809,"CAMBIO A BRIOCHE*  S/R*",0.00,"01","MR JACK","0110","CAMBIOS","0110","N"
5676,"CAMBIO A BURGER VEGANA",0.00,"01","MR JACK","0110","CAMBIOS","0110",""
5816,"CAMBIO A CAMARON AP",2500.,"01","MR JACK","0110","CAMBIOS","0110",""
750,"CAMBIO A CEB MORADA",0.00,"01","MR JACK","0110","CAMBIOS","0110","N"
751,"CAMBIO A CEBOLLA GRILL",0.00,"01","MR JACK","0110","CAMBIOS","0110","N"
5685,"CAMBIO A CHEDDAR",0.00,"01","MR JACK","0110","CAMBIOS","0110",""
5691,"CAMBIO A CIABATTA",0.00,"01","MR JACK","0110","CAMBIOS","0110","N"
695,"CAMBIO A JR POLLO APANADO",0.00,"01","MR JACK","0110","CAMBIOS","0110",""
688,"CAMBIO A MANTECOSO",0.00,"01","MR JACK","0110","CAMBIOS","0110","N"
696,"CAMBIO A P APANADO",0.00,"01","MR JACK","0110","CAMBIOS","0110","N"
5697,"CAMBIO A P PLANCHA",0.00,"01","MR JACK","0110","CAMBIOS","0110","N"
5824,"CAMBIO A PAN AMASADO",0.00,"01","MR JACK","0110","CAMBIOS","0110","N"
5820,"CAMBIO A PANKO CHEES",2900.,"01","MR JACK","0110","CAMBIOS","0110","N"
5690,"CAMBIO A PITA",0.00,"01","MR JACK","0110","CAMBIOS","0110","N"
5689,"CAMBIO A PITA JR",0.00,"01","MR JACK","0110","CAMBIOS","0110",""
8196,"CAMBIO A VEGANA FTE",2000.,"0+","FUENTE BARNECHEA","0+05","FTE AGREG","0+05","N"
902,"CAMPARI",3000.,"03","LICORES","0309","OTROS","0200","D"
101,"CANADA DRY",2800.,"02","BEB,JUG,CERV","0201","BEBIDAS","0201","N"
100,"CANADA DRY  LIGHT",2800.,"02","BEB,JUG,CERV","0201","BEBIDAS","0201","N"
320,"CANDA DRY ZERO",2800.,"02","BEB,JUG,CERV","0201","BEBIDAS","0201","N"
605,"CAPUCHINO",3500.,"05","CAFETERIA","0501","CAFES","0501","N"
606,"CAPUCHINO DOBLE",4000.,"05","CAFETERIA","0501","CAFES","0501","D"
1026,"CARAJILLO",5600.,"03","LICORES","0309","OTROS","0200","D"
72,"CESAR  SALAD",11400,"01","MR JACK","0104","ENSALADAS","0108","N"
8052,"CH BRASILERO",11400,"0+","FUENTE BARNECHEA","0+03","FTE CHURRASCOS","0+03","N"
8056,"CH BUCAREST",11900,"0+","FUENTE BARNECHEA","0+03","FTE CHURRASCOS","0+03","N"
8048,"CH CHACARERO",10600,"0+","FUENTE BARNECHEA","0+03","FTE CHURRASCOS","0+03","N"
8054,"CH CHEMILICO",10200,"0+","FUENTE BARNECHEA","0+03","FTE CHURRASCOS","0+03","N"
8042,"CH COMPLETO",10400,"0+","FUENTE BARNECHEA","0+03","FTE CHURRASCOS","0+03","N"
8046,"CH DINAMICO",11900,"0+","FUENTE BARNECHEA","0+03","FTE CHURRASCOS","0+03","N"
8040,"CH ESPECIAL",9900.,"0+","FUENTE BARNECHEA","0+03","FTE CHURRASCOS","0+03","N"
8044,"CH ITALIANO",10900,"0+","FUENTE BARNECHEA","0+03","FTE CHURRASCOS","0+03","N"
8050,"CH LUCO",10900,"0+","FUENTE BARNECHEA","0+03","FTE CHURRASCOS","0+03","N"
7112,"CHEDDAR BACON FRIES",7900.,"00","FRANKS","0001","PICOTEOS","0+09","N"
8826,"CHICKEN CUBANO",10400,"01","MR JACK","0113","SANDWICH","0113","D"
5097,"CHICKEN RANCHERO",11900,"01","MR JACK","0102","BURGERS","0109","N"
8840,"CHICKEN RANCHERO..",10400,"01","MR JACK","0113","SANDWICH","0113","D"
318,"CHIVAS REAGAL 12A",9900.,"03","LICORES","0303","WHISKY","0200","N"
340,"CHIVAS REAGAL 15A",12000,"03","LICORES","0303","WHISKY","0200","D"
7244,"CHOCOLATE CAKE",5400.,"00","FRANKS","0003","POSTRES FRANK","0003","N"
6314,"CITADELLE",12900,"03","LICORES","0305","GIN","0200","N"
90,"COCA COLA",2800.,"02","BEB,JUG,CERV","0201","BEBIDAS","0201","N"
91,"COCA LIGHT",2800.,"02","BEB,JUG,CERV","0201","BEBIDAS","0201","N"
104,"COCA ZERO",2800.,"02","BEB,JUG,CERV","0201","BEBIDAS","0201","N"
6514,"COLESLAW",3500.,"01","MR JACK","0111","ACOMP","0111","N"
1201,"COMB CANADA DRY",0.00,"02","BEB,JUG,CERV","0200","BEBIDAS COMB","0109",""
1200,"COMB CANADA DRY  LIGHT",0.00,"02","BEB,JUG,CERV","0200","BEBIDAS COMB","0109",""
1190,"COMB COCA COLA",0.00,"02","BEB,JUG,CERV","0200","BEBIDAS COMB","0109",""
1191,"COMB COCA LIGHT",0.00,"02","BEB,JUG,CERV","0200","BEBIDAS COMB","0109",""
1305,"COMB COCA ZERO",0.00,"02","BEB,JUG,CERV","0200","BEBIDAS COMB","0109",""
1193,"COMB FANTA LIGHT",0.00,"02","BEB,JUG,CERV","0200","BEBIDAS COMB","0109",""
1192,"COMB FANTA NARANJA",0.00,"02","BEB,JUG,CERV","0200","BEBIDAS COMB","0109",""
1199,"COMB PAP",0.00,"02","BEB,JUG,CERV","0200","BEBIDAS COMB","0109",""
1196,"COMB PORVENIR C/GAS",0.00,"02","BEB,JUG,CERV","0200","BEBIDAS COMB","0109",""
1197,"COMB PORVENIR S/GAS",0.00,"02","BEB,JUG,CERV","0200","BEBIDAS COMB","0109",""
1142,"COMB RED BULL",2000.,"02","BEB,JUG,CERV","0203","ENERGETICAS","0203","N"
1194,"COMB SPRITE",0.00,"02","BEB,JUG,CERV","0200","BEBIDAS COMB","0109",""
1195,"COMB SPRITE ZERO",0.00,"02","BEB,JUG,CERV","0200","BEBIDAS COMB","0109",""
1202,"COMB TONICA",0.00,"02","BEB,JUG,CERV","0200","BEBIDAS COMB","0109",""
1203,"COMB TONICA  LIGHT",0.00,"02","BEB,JUG,CERV","0200","BEBIDAS COMB","0109",""
1306,"COMB TONICA PREMIUM",2000.,"02","BEB,JUG,CERV","0200","BEBIDAS COMB","0109","N"
530,"COPA C/S",4200.,"04","VINOS","0401","COPAS","0401","N"
525,"COPA CAR",4200.,"04","VINOS","0401","COPAS","0401","N"
991,"COPA CHARDONNAY",4200.,"04","VINOS","0401","COPAS","0401","N"
535,"COPA ESPUMANTE",4200.,"04","VINOS","0401","COPAS","0401","N"
85,"COPA HELAD0",5400.,"01","MR JACK","0105","POSTRES","0105","N"
533,"COPA S/B",4200.,"04","VINOS","0401","COPAS","0401","N"
160,"CORONA",3600.,"02","BEB,JUG,CERV","0204","CERVEZAS","0204","N"
159,"CORONA LIGHT",2800.,"02","BEB,JUG,CERV","0204","CERVEZAS","0204","X"
603,"CORTADO",3000.,"05","CAFETERIA","0501","CAFES","0501","N"
604,"CORTADO DOBLE",3500.,"05","CAFETERIA","0501","CAFES","0501","N"
901,"COVER EVENTO",10000,"99","FAMILIA 99","9901","FAMILIA 9901","","N"
2107,"CRISPY ONION",10800,"01","MR JACK","0103","SMASH BURGERS","0109","N"
7146,"CRISPY ONION.",11400,"00","FRANKS","0002","FRANK BURGERS","0002","N"
8001,"CRUDO FUENTE",9600.,"0+","FUENTE BARNECHEA","0+01","PARA PICAR","0+01","N"
1038,"CRUDO JACK",11400,"01","MR JACK","0101","PARA PICAR","0101","N"
202,"CUBETA CORONA",14000,"02","BEB,JUG,CERV","0204","CERVEZAS","0204",""
200,"CUBETA HEINEKEN",10400,"02","BEB,JUG,CERV","0204","CERVEZAS","0204","N"
240,"CUBETA SOL",14000,"02","BEB,JUG,CERV","0204","CERVEZAS","0204","D"
896,"DAIQUIRI CHIRIMOYA.",7900.,"03","LICORES","0309","OTROS","0200","D"
2207,"DAIQUIRI FRAMBUESA",7900.,"03","LICORES","0314","DAIQUIRIS","0314","N"
897,"DAIQUIRI FRAMBUESA.",7900.,"03","LICORES","0309","OTROS","0200","D"
899,"DAIQUIRI LIMON.",7900.,"03","LICORES","0309","OTROS","0200","D"
2203,"DAIQUIRI MANGO",7900.,"03","LICORES","0314","DAIQUIRIS","0314","N"
2205,"DAIQUIRI MARACUYA",7900.,"03","LICORES","0314","DAIQUIRIS","0314","N"
2201,"DAIQUIRI TRADICIONAL",7900.,"03","LICORES","0314","DAIQUIRIS","0314","N"
8999,"DESCORCHE",8000.,"04","VINOS","0403","SERVICIOS ESPECIALES","0403",""
997,"DIF.CONVENIO",0.00,"99","FAMILIA 99","9901","FAMILIA 9901","","N"
8007,"EMP CAMARON/QUESO",7200.,"0+","FUENTE BARNECHEA","0+01","PARA PICAR","0+01","N"
8005,"EMP COSTILLA/QUESO",6600.,"0+","FUENTE BARNECHEA","0+01","PARA PICAR","0+01","N"
8003,"EMP QUESO",5900.,"0+","FUENTE BARNECHEA","0+01","PARA PICAR","0+01","N"
9022,"ENVIO JUSTO",4000.,"90","MENSAJES","9001","MENSAJES","9001","A"
183,"ERDINGER DUNKEL 500",4900.,"02","BEB,JUG,CERV","0204","CERVEZAS","0204",""
226,"ERDINGER PIKANTUS",4600.,"02","BEB,JUG,CERV","0204","CERVEZAS","0204",""
179,"ERDINGER S/ 500",4900.,"02","BEB,JUG,CERV","0204","CERVEZAS","0204",""
180,"ERDINGER S/A",4800.,"02","BEB,JUG,CERV","0204","CERVEZAS","0204","N"
181,"ERDINGER TRIGO",3800.,"02","BEB,JUG,CERV","0204","CERVEZAS","0204",""
182,"ERDINGER TRIGO 500CC",4900.,"02","BEB,JUG,CERV","0204","CERVEZAS","0204",""
184,"ERDINGER URWEISSE 500",3800.,"02","BEB,JUG,CERV","0204","CERVEZAS","0204",""
601,"ESPRESSO",2500.,"05","CAFETERIA","0501","CAFES","0501","N"
602,"ESPRESSO DOBLE",3500.,"05","CAFETERIA","0501","CAFES","0501","N"
1025,"EXPRESO MARTINI",5600.,"03","LICORES","0309","OTROS","0200","D"
1028,"EXTASIS",5000.,"03","LICORES","0309","OTROS","0200","D"
765,"EXTRA BRIOCHE",500.0,"01","MR JACK","0110","CAMBIOS","0110","N"
766,"EXTRA CIABATTA",400.0,"01","MR JACK","0110","CAMBIOS","0110","N"
92,"FANTA NARANJA",2800.,"02","BEB,JUG,CERV","0201","BEBIDAS","0201","N"
106,"FANTA ZERO",2800.,"02","BEB,JUG,CERV","0201","BEBIDAS","0201","N"
2105,"FAT BACON",10800,"01","MR JACK","0103","SMASH BURGERS","0109","N"
7144,"FAT BACON.",11600,"00","FRANKS","0002","FRANK BURGERS","0002","N"
917,"FRANGELICO",8900.,"03","LICORES","0309","OTROS","0200","N"
2101,"FRANKS",9800.,"01","MR JACK","0103","SMASH BURGERS","0109","N"
7140,"FRANKS.",10800,"00","FRANKS","0002","FRANK BURGERS","0002","N"
907,"FRESH KIURI",6900.,"03","LICORES","0309","OTROS","0200","D"
7116,"FRIES FOR TOW",3500.,"00","FRANKS","0001","PICOTEOS","0+09","N"
322,"GENTLEMANS JACK",13900,"03","LICORES","0303","WHISKY","0200","N"
6309,"GIN PREMIUM",8500.,"03","LICORES","0305","GIN","0200","D"
929,"GIN TANQUERAY",0.00,"03","LICORES","0309","OTROS","0200","D"
6305,"GIN TONIC",8900.,"03","LICORES","0305","GIN","0200","N"
6102,"GINGER BEER",3500.,"02","BEB,JUG,CERV","0201","BEBIDAS","0201","N"
142,"GINGER LEMONADE MENT.",3500.,"02","BEB,JUG,CERV","0202","JUGOS","0202","D"
135,"GINGER LEMONADE.",3500.,"02","BEB,JUG,CERV","0202","JUGOS","0202","D"
2304,"GINGER LIMONADA",3800.,"02","BEB,JUG,CERV","0210","LIMONADAS","0210","N"
2303,"GINGER LIMONADA MENTA",3800.,"02","BEB,JUG,CERV","0210","LIMONADAS","0210","N"
337,"GLENFIDDICH",13900,"03","LICORES","0303","WHISKY","0200","N"
338,"GLENLIVET",13900,"03","LICORES","0303","WHISKY","0200","N"
437,"GREY GOOSE",13900,"03","LICORES","0304","VODKA","0200","N"
8136,"HAM BARNECHEA",10400,"","","","","","N"
8132,"HAM BRASILENA FTE",10400,"","","","","","N"
8128,"HAM CHACARERA FTE",9800.,"","","","","","N"
8124,"HAM CHEMILICO FTE",9200.,"","","","","","N"
8130,"HAM COMPLETA FTE",9200.,"","","","","","N"
8126,"HAM DINAMICA FTE",10400,"","","","","","N"
8134,"HAM ESPECIAL FTE",8900.,"","","","","","N"
8120,"HAM ITALIANA FTE",9800.,"","","","","","N"
8122,"HAM LUCO FTE",9800.,"","","","","","N"
6811,"HAPPY BUDA",8500.,"03","LICORES","0312","DE AUTOR","0312","D"
2115,"HAPPY VEGAN",11800,"01","MR JACK","0103","SMASH BURGERS","0109","N"
7156,"HAPPY VEGAN.",11800,"00","FRANKS","0002","FRANK BURGERS","0002","N"
279,"HAVANA 3 ANNOS",7500.,"03","LICORES","0302","RON","0200","N"
261,"HAVANA A EJO ESPECIAL",7900.,"03","LICORES","0302","RON","0200","N"
278,"HAVANA ANEJO 7 ANOS",9900.,"03","LICORES","0302","RON","0200","N"
205,"HEINEKEN",3400.,"02","BEB,JUG,CERV","0204","CERVEZAS","0204","X"
236,"HEINEKEN ZERO",3600.,"02","BEB,JUG,CERV","0204","CERVEZAS","0204","N"
6301,"HENDRIKS",10900,"03","LICORES","0305","GIN","0200","N"
5099,"HUNGRY BIRD",11900,"01","MR JACK","0102","BURGERS","0109","N"
5098,"HUNGRY BIRD HOT",11900,"01","MR JACK","0102","BURGERS","0109","N"
8822,"HUNGRY BIRD* HOT",10400,"01","MR JACK","0113","SANDWICH","0113","D"
8820,"HUNGRY BIRD..",10400,"01","MR JACK","0113","SANDWICH","0113","D"
1046,"HUNGRY FRIES",8200.,"01","MR JACK","0101","PARA PICAR","0101","D"
169,"IMPERIAL",3400.,"02","BEB,JUG,CERV","0204","CERVEZAS","0204","X"
336,"J WALKER BLACK",9900.,"03","LICORES","0303","WHISKY","0200","N"
314,"J WALKER RED LABEL",8900.,"03","LICORES","0303","WHISKY","0200","N"
321,"JACK DANIELS",10900,"03","LICORES","0303","WHISKY","0200","N"
333,"JACK SOUR",11900,"03","LICORES","0303","WHISKY","0200","N"
1013,"JAGGERINA",5900.,"03","LICORES","0309","OTROS","0200","D"
339,"JIM BOURBON",6500.,"03","LICORES","0303","WHISKY","0200","D"
6803,"JIMMY GINGER",8500.,"03","LICORES","0312","DE AUTOR","0312","D"
3019,"JR AVOCADO",8900.,"01","MR JACK","0100","BURGERS 150","0109","N"
3021,"JR BACON",8900.,"01","MR JACK","0100","BURGERS 150","0109","N"
3022,"JR CHESSE",8900.,"01","MR JACK","0100","BURGERS 150","0109","N"
3020,"JR CLT",8900.,"01","MR JACK","0100","BURGERS 150","0109","N"
64,"JR POLLO ASADO",4900.,"01","MR JACK","0102","BURGERS","0109","D"
131,"JUGO NAT CHIRIMOYA",3500.,"02","BEB,JUG,CERV","0202","JUGOS","0202","N"
132,"JUGO NAT FRAMBUESA",3500.,"02","BEB,JUG,CERV","0202","JUGOS","0202","N"
136,"JUGO NAT MANGO",3500.,"02","BEB,JUG,CERV","0202","JUGOS","0202","N"
122,"JUGO NAT MARACUYA",3500.,"02","BEB,JUG,CERV","0202","JUGOS","0202","N"
133,"JUGO NAT PINA",3500.,"02","BEB,JUG,CERV","0202","JUGOS","0202","N"
42,"JUNIOR BURGER",7600.,"01","MR JACK","0102","BURGERS","0109","N"
105,"KEM PI A",2800.,"02","BEB,JUG,CERV","0201","BEBIDAS","0201","N"
188,"KUNTSMAN GRAN TOROBAYO",4900.,"02","BEB,JUG,CERV","0204","CERVEZAS","0204","N"
171,"KUNTSMAN LAGER",4800.,"02","BEB,JUG,CERV","0204","CERVEZAS","0204","N"
178,"KUNTSMAN MIEL",4800.,"02","BEB,JUG,CERV","0204","CERVEZAS","0204","N"
172,"KUNTSMAN TOROBAYO",4800.,"02","BEB,JUG,CERV","0204","CERVEZAS","0204","N"
134,"LEMONADE.",3500.,"02","BEB,JUG,CERV","0202","JUGOS","0202","D"
306,"LIMON SODA",2800.,"02","BEB,JUG,CERV","0201","BEBIDAS","0201","N"
2301,"LIMONADA",3500.,"02","BEB,JUG,CERV","0210","LIMONADAS","0210","N"
2305,"LIMONADA FRAMBUESA",3800.,"02","BEB,JUG,CERV","0210","LIMONADAS","0210","N"
2306,"LIMONADA MANGO",3800.,"02","BEB,JUG,CERV","0210","LIMONADAS","0210","N"
2307,"LIMONADA MARACUYA",3800.,"02","BEB,JUG,CERV","0210","LIMONADAS","0210","N"
2302,"LIMONADA MENTA",3800.,"02","BEB,JUG,CERV","0210","LIMONADAS","0210","N"
144,"LIMONADA MENTA.",3500.,"02","BEB,JUG,CERV","0202","JUGOS","0202","D"
9001,"LLEVA PICOTEO",0.00,"90","MENSAJES","9001","MENSAJES","9001",""
8014,"LO BRASILERO",11400,"0+","FUENTE BARNECHEA","0+02","LOMITOS","0+02","N"
8018,"LO BUCAREST",11900,"0+","FUENTE BARNECHEA","0+02","LOMITOS","0+02","N"
8010,"LO CHACARERO",10600,"0+","FUENTE BARNECHEA","0+02","LOMITOS","0+02","N"
8016,"LO CHEMILICO",10200,"0+","FUENTE BARNECHEA","0+02","LOMITOS","0+02","N"
8004,"LO COMPLETO",10400,"0+","FUENTE BARNECHEA","0+02","LOMITOS","0+02","N"
8008,"LO DINAMICO",11900,"0+","FUENTE BARNECHEA","0+02","LOMITOS","0+02","N"
8002,"LO ESPECIAL",9900.,"0+","FUENTE BARNECHEA","0+02","LOMITOS","0+02","N"
8006,"LO ITALIANO",10900,"0+","FUENTE BARNECHEA","0+02","LOMITOS","0+02","N"
8012,"LO LUCO",10900,"0+","FUENTE BARNECHEA","0+02","LOMITOS","0+02","N"
6010,"LOMO VETADO ANGUS",15900,"01","MR JACK","0107","PLATOS","0112","N"
1030,"LONDON MULE",7500.,"03","LICORES","0309","OTROS","0200","D"
214,"MARACUYA SOUR",3400.,"03","LICORES","0301","SOURS","0301","D"
6006,"MEDALLON DE FILETE",13800,"01","MR JACK","0107","PLATOS","0112","D"
9015,"MENSAJE A BAR",0.00,"90","MENSAJES","9001","MENSAJES","9001",""
9010,"MENSAJE A COCINA CALIENTE",0.00,"90","MENSAJES","9001","MENSAJES","9001",""
9011,"MENSAJE A CUARTO FRIO",0.00,"90","MENSAJES","9001","MENSAJES","9001",""
9034,"MENSAJE A PICOTEO",0.00,"90","MENSAJES","9001","MENSAJES","9001","N"
6018,"MILANESA ANGUS*  S/R*",12400,"01","MR JACK","0107","PLATOS","0112","N"
82,"MILKSHAKE CAFE",6900.,"02","BEB,JUG,CERV","0205","MILKSHAKES","0205","N"
4089,"MILKSHAKE CARAMELO",6900.,"02","BEB,JUG,CERV","0205","MILKSHAKES","0205","N"
89,"MILKSHAKE CHOC",6900.,"02","BEB,JUG,CERV","0205","MILKSHAKES","0205","N"
3089,"MILKSHAKE COOKIES",6900.,"02","BEB,JUG,CERV","0205","MILKSHAKES","0205","N"
2089,"MILKSHAKE FRAMB",6900.,"02","BEB,JUG,CERV","0205","MILKSHAKES","0205","N"
96,"MINERAL C/GAS",2800.,"02","BEB,JUG,CERV","0201","BEBIDAS","0201","N"
97,"MINERAL S/GAS",2800.,"02","BEB,JUG,CERV","0201","BEBIDAS","0201","N"
900,"MOJITO",7900.,"03","LICORES","0309","OTROS","0200","D"
5403,"MOJITO FRAMBUESA",7900.,"03","LICORES","0310","MOJITOS","0310","N"
5405,"MOJITO FRUTILLA",7900.,"03","LICORES","0310","MOJITOS","0310","N"
5411,"MOJITO JAGER",7900.,"03","LICORES","0310","MOJITOS","0310","N"
5401,"MOJITO MANGO",7900.,"03","LICORES","0310","MOJITOS","0310","N"
5409,"MOJITO MANZANA",7900.,"03","LICORES","0310","MOJITOS","0310","D"
5407,"MOJITO MARACUYA",7900.,"03","LICORES","0310","MOJITOS","0310","N"
934,"MOJITO SABORES",7900.,"03","LICORES","0309","OTROS","0200","D"
5413,"MOJITO TRADICIONAL",7900.,"03","LICORES","0310","MOJITOS","0310","N"
6312,"MONKEY 47",19900,"03","LICORES","0305","GIN","0200","N"
2113,"MONSTER D/ FRANKS",14800,"01","MR JACK","0103","SMASH BURGERS","0109","N"
7154,"MONSTER DOUBLE FRANKS",14900,"00","FRANKS","0002","FRANK BURGERS","0002","N"
1007,"MOSCOW MULE",10900,"03","LICORES","0309","OTROS","0200","N"
41,"MR  BURGER",8900.,"01","MR JACK","0102","BURGERS","0109","N"
37,"MR 3CHEESE",13900,"01","MR JACK","0102","BURGERS","0109","N"
5092,"MR 4X4",12900,"01","MR JACK","0102","BURGERS","0109","D"
5049,"MR BLUE NEW",11800,"01","MR JACK","0102","BURGERS","0109","D"
26,"MR CAMARON",9800.,"01","MR JACK","0101","PARA PICAR","0101","D"
32,"MR FRED",13900,"01","MR JACK","0102","BURGERS","0109","N"
36,"MR JACK",13900,"01","MR JACK","0102","BURGERS","0109","N"
35,"MR JOHNNY",13900,"01","MR JACK","0102","BURGERS","0109","N"
1052,"MR ONION RINGS",7800.,"01","MR JACK","0101","PARA PICAR","0101","N"
5088,"MR PANKO CHEESE",11800,"01","MR JACK","0102","BURGERS","0109","D"
5089,"MR RIBS",13900,"01","MR JACK","0102","BURGERS","0109","N"
44,"MR RING",13900,"01","MR JACK","0102","BURGERS","0109","N"
5091,"MR STK",9800.,"01","MR JACK","0102","BURGERS","0109","D"
5093,"MR SURF/TURF",12800,"01","MR JACK","0102","BURGERS","0109","D"
48,"MR T",16900,"01","MR JACK","0102","BURGERS","0109","N"
47,"MR VEGANA",10400,"01","MR JACK","0102","BURGERS","0109","D"
88,"MR.BROWNIE",6900.,"01","MR JACK","0105","POSTRES","0105","N"
87,"MR.CHEESECAKE",5900.,"01","MR JACK","0105","POSTRES","0105","N"
30,"MR.NUGGETS",8900.,"01","MR JACK","0101","PARA PICAR","0101","N"
927,"NEGRONI*  S/R*",8900.,"03","LICORES","0309","OTROS","0200","N"
916,"NU GIN PREMIUM",8900.,"03","LICORES","0309","OTROS","0200","D"
1929,"NU TANQUERAY",0.00,"03","LICORES","0309","OTROS","0200","D"
999,"NU USAR GIIN BOMBAY",0.00,"03","LICORES","0309","OTROS","0200","D"
7240,"NY STYLE CHEESCAKE",5400.,"00","FRANKS","0003","POSTRES FRANK","0003","N"
8009,"PALTA APANADA",7400.,"0+","FUENTE BARNECHEA","0+01","PARA PICAR","0+01","N"
99,"PAP",2800.,"02","BEB,JUG,CERV","0201","BEBIDAS","0201","N"
6509,"PAPA CHEDD BACON",3500.,"01","MR JACK","0111","ACOMP","0111","D"
6524,"PAPA COMPARTIR RAPPI",4500.,"01","MR JACK","0111","ACOMP","0111","N"
6506,"PAPA FRITA ACOMP",2900.,"01","MR JACK","0111","ACOMP","0111","N"
6510,"PAPA HORNEADA",3500.,"01","MR JACK","0111","ACOMP","0111","D"
6520,"PAPA SWEET POT",3500.,"01","MR JACK","0111","ACOMP","0111","D"
6508,"PAPA TRUFADA",3500.,"01","MR JACK","0111","ACOMP","0111","D"
5698,"PAPAS A BASTONES",0.00,"01","MR JACK","0110","CAMBIOS","0110","N"
804,"PAPAS A RUSTICA",900.0,"01","MR JACK","0110","CAMBIOS","0110","N"
5803,"PAPAS A SWEET POT",1800.,"01","MR JACK","0110","CAMBIOS","0110","N"
8011,"PAPAS COMPARTIR",3500.,"0+","FUENTE BARNECHEA","0+01","PARA PICAR","0+01","N"
20,"PAPAS CORTESIA",0.00,"01","MR JACK","0101","PARA PICAR","0101","N"
27,"PAPAS FRITAS",2900.,"01","MR JACK","0101","PARA PICAR","0101","N"
19,"PAPAS RUSTICAS",2900.,"01","MR JACK","0101","PARA PICAR","0101","N"
6522,"PAPAS RUSTICAS ACOMP",2900.,"01","MR JACK","0111","ACOMP","0111","N"
6012,"PECHUGA POLLO",9900.,"01","MR JACK","0107","PLATOS","0112","N"
9020,"PEDIDO P/LLEVAR..>",0.00,"90","MENSAJES","9001","MENSAJES","9001",""
1015,"PENICILINA",5900.,"03","LICORES","0309","OTROS","0200","D"
309,"PEPSI",2800.,"02","BEB,JUG,CERV","0201","BEBIDAS","0201","N"
308,"PEPSI LIGHT",2800.,"02","BEB,JUG,CERV","0201","BEBIDAS","0201","N"
310,"PEPSI ZERO",2800.,"02","BEB,JUG,CERV","0201","BEBIDAS","0201","N"
906,"PI A COLADA",9900.,"03","LICORES","0309","OTROS","0200","N"
6808,"PINK Y VIOLETO",8500.,"03","LICORES","0312","DE AUTOR","0312","D"
230,"PISCO 35 C/BEBIDA",6900.,"03","LICORES","0300","PISCOS","0200","N"
232,"PISCO 40 C/BEBIDA",7500.,"03","LICORES","0300","PISCOS","0200","N"
5301,"PISCO 40 TRANSPARENTE",7900.,"03","LICORES","0300","PISCOS","0200","N"
218,"PISCO ALTO SOUR",6900.,"03","LICORES","0301","SOURS","0301","N"
235,"PISCO PREMIUM C/BEBID",9900.,"03","LICORES","0300","PISCOS","0200","N"
221,"PISCO SOUR CATEDRAL",12900,"03","LICORES","0301","SOURS","0301","N"
7162,"PLAIN CHEESE BURGER",9900.,"00","FRANKS","0002","FRANK BURGERS","0002","N"
2090,"PORCION HELADO",1600.,"01","MR JACK","0105","POSTRES","0105","N"
909,"PROMO RAPPI 20%",0.00,"99","FAMILIA 99","9999","ADMINISTRACION","","D"
8900,"PRUEBA",50.00,"04","VINOS","0403","SERVICIOS ESPECIALES","0403","N"
9033,"PRUEBA SISTEMA*  S/R*",50.00,"90","MENSAJES","9001","MENSAJES","9001","N"
6518,"QUINOA ENSALADA",3900.,"01","MR JACK","0111","ACOMP","0111","D"
823,"R BACON",9400.,"01","MR JACK","0106","RAPPI BURGUER","0106","N"
825,"R CHEESE BURGUER",9400.,"01","MR JACK","0106","RAPPI BURGUER","0106","N"
822,"R CLASSIC",9400.,"01","MR JACK","0106","RAPPI BURGUER","0106","N"
826,"R CRUNCHY",9400.,"01","MR JACK","0106","RAPPI BURGUER","0106","N"
824,"R ITALIAN",9400.,"01","MR JACK","0106","RAPPI BURGUER","0106","N"
1022,"RAINBOW JACK",7900.,"03","LICORES","0309","OTROS","0200","N"
891,"RAMAZZOTTI*  S/R*",8900.,"03","LICORES","0309","OTROS","0200","N"
4118,"RAPPI BILZ",1500.,"02","BEB,JUG,CERV","0208","BEBIDAS RAPPI","0208","N"
4124,"RAPPI CANADA DRY",1500.,"02","BEB,JUG,CERV","0208","BEBIDAS RAPPI","0208","N"
4122,"RAPPI CANADA DRY LIGH",1500.,"02","BEB,JUG,CERV","0208","BEBIDAS RAPPI","0208","N"
4100,"RAPPI COCA COLA",1500.,"02","BEB,JUG,CERV","0208","BEBIDAS RAPPI","0208","N"
4102,"RAPPI COCA COLA ZERO",1500.,"02","BEB,JUG,CERV","0208","BEBIDAS RAPPI","0208","N"
4104,"RAPPI COCA LIGHT",1500.,"02","BEB,JUG,CERV","0208","BEBIDAS RAPPI","0208","N"
4110,"RAPPI FANTA",1500.,"02","BEB,JUG,CERV","0208","BEBIDAS RAPPI","0208","N"
4112,"RAPPI FANTA ZERO",1500.,"02","BEB,JUG,CERV","0208","BEBIDAS RAPPI","0208","N"
4130,"RAPPI KEM PINA",1500.,"02","BEB,JUG,CERV","0208","BEBIDAS RAPPI","0208","N"
4132,"RAPPI LIMON SODA",1500.,"02","BEB,JUG,CERV","0208","BEBIDAS RAPPI","0208","N"
4114,"RAPPI MINERAL C/GAS",1500.,"02","BEB,JUG,CERV","0208","BEBIDAS RAPPI","0208","N"
4116,"RAPPI MINERAL S/GAS",1500.,"02","BEB,JUG,CERV","0208","BEBIDAS RAPPI","0208","N"
724,"RAPPI NUGGETS",5900.,"01","MR JACK","0109","AGREGADOS","0109","N"
4120,"RAPPI PAP",1500.,"02","BEB,JUG,CERV","0208","BEBIDAS RAPPI","0208","N"
721,"RAPPI PAPAS",1200.,"01","MR JACK","0109","AGREGADOS","0109","N"
4134,"RAPPI PEPSI LIGHT",1500.,"02","BEB,JUG,CERV","0208","BEBIDAS RAPPI","0208","N"
4133,"RAPPI PEPSI NORMAL",1500.,"02","BEB,JUG,CERV","0208","BEBIDAS RAPPI","0208","N"
4135,"RAPPI PEPSI ZERO",1500.,"02","BEB,JUG,CERV","0208","BEBIDAS RAPPI","0208","N"
4106,"RAPPI SPRITE",1500.,"02","BEB,JUG,CERV","0208","BEBIDAS RAPPI","0208","N"
4108,"RAPPI SPRITE ZERO",1500.,"02","BEB,JUG,CERV","0208","BEBIDAS RAPPI","0208","N"
4126,"RAPPI TONICA",1500.,"02","BEB,JUG,CERV","0208","BEBIDAS RAPPI","0208","N"
4128,"RAPPI TONICA LIGHT",1500.,"02","BEB,JUG,CERV","0208","BEBIDAS RAPPI","0208","N"
140,"RED BULL",3500.,"02","BEB,JUG,CERV","0203","ENERGETICAS","0203","N"
141,"RED BULL LIGHT",3500.,"02","BEB,JUG,CERV","0203","ENERGETICAS","0203","X"
281,"RON DIPLOMATICO",10000,"03","LICORES","0302","RON","0200","D"
6516,"SALAD MIX",3500.,"01","MR JACK","0111","ACOMP","0111","N"
6014,"SALMON 200GR",12400,"01","MR JACK","0107","PLATOS","0112","N"
76,"SALMON SALAD",11400,"01","MR JACK","0104","ENSALADAS","0108","N"
1020,"SANGRIA JACK",7900.,"03","LICORES","0309","OTROS","0200","N"
7030,"SCHOP AUSTRAL LAGER",5200.,"02","BEB,JUG,CERV","0207","SCHOP","0207","N"
7025,"SCHOP BLUE MOON",5200.,"02","BEB,JUG,CERV","0207","SCHOP","0207","D"
7001,"SCHOP CALAFATE",5200.,"02","BEB,JUG,CERV","0207","SCHOP","0207","N"
7010,"SCHOP HEINEKEN",4200.,"02","BEB,JUG,CERV","0207","SCHOP","0207","N"
7032,"SCHOP KUNSTMANN VPL",5200.,"02","BEB,JUG,CERV","0207","SCHOP","0207","N"
7028,"SCHOP SIN FILTRAR",5200.,"02","BEB,JUG,CERV","0207","SCHOP","0207","D"
7008,"SCHOP TOROBAYO",5200.,"02","BEB,JUG,CERV","0207","SCHOP","0207","N"
78,"SERRANO SALAD",11400,"01","MR JACK","0104","ENSALADAS","0108","N"
4999,"SERVICIO DE TORTA*  S",1500.,"01","MR JACK","0105","POSTRES","0105","N"
932,"SHOT JAGGERMEISTER",6900.,"03","LICORES","0309","OTROS","0200","N"
1003,"SHOT SILVER TEQUILA",4900.,"03","LICORES","0309","OTROS","0200","N"
1005,"SHOT TEQUILA PREMIUM",10900,"03","LICORES","0309","OTROS","0200","N"
931,"SHOT TEQUILA REPOSADO",5500.,"03","LICORES","0309","OTROS","0200","N"
8830,"SMOKED SALMON",10900,"01","MR JACK","0113","SANDWICH","0113","D"
238,"SOL",3400.,"02","BEB,JUG,CERV","0204","CERVEZAS","0204","X"
2109,"SPICY HEAVEN",10800,"01","MR JACK","0103","SMASH BURGERS","0109","N"
7148,"SPICY HEAVEN.",11600,"00","FRANKS","0002","FRANK BURGERS","0002","N"
94,"SPRITE",2800.,"02","BEB,JUG,CERV","0201","BEBIDAS","0201","N"
95,"SPRITE ZERO",2800.,"02","BEB,JUG,CERV","0201","BEBIDAS","0201","N"
1050,"STK FRIES",8200.,"01","MR JACK","0101","PARA PICAR","0101","D"
411,"STOLICHNAYA",7500.,"03","LICORES","0304","VODKA","0200","N"
1042,"SWEET POTATO",3500.,"01","MR JACK","0101","PARA PICAR","0101","D"
6303,"TANQUERAY",9500.,"03","LICORES","0305","GIN","0200","N"
1040,"TARTARO DE SALMON",13200,"01","MR JACK","0101","PARA PICAR","0101","N"
607,"TE",2400.,"05","CAFETERIA","0502","TES","0502","D"
608,"TE INFUSION",2600.,"05","CAFETERIA","0502","TES","0502","N"
8841,"TEMPURA SHRIMP",10400,"01","MR JACK","0113","SANDWICH","0113","D"
911,"TEQUILA MARGARITA",7900.,"03","LICORES","0309","OTROS","0200","N"
1044,"TEXAS FRIES",8200.,"01","MR JACK","0101","PARA PICAR","0101","N"
5095,"THE TOP",5990.,"01","MR JACK","0102","BURGERS","0109","D"
8022,"THE TOP LOMITO ITA",5990.,"0+","FUENTE BARNECHEA","0+02","LOMITOS","0+02","N"
102,"TONICA",2800.,"02","BEB,JUG,CERV","0201","BEBIDAS","0201","N"
103,"TONICA  LIGHT",2800.,"02","BEB,JUG,CERV","0201","BEBIDAS","0201","N"
6101,"TONICA PREMIUM",3500.,"02","BEB,JUG,CERV","0201","BEBIDAS","0201","N"
241,"TORRES DEL PAINE",4900.,"02","BEB,JUG,CERV","0204","CERVEZAS","0204","D"
5001,"TORTA DE CHOCOLATE",5900.,"01","MR JACK","0105","POSTRES","0105","N"
908,"TROPICAL CITRIC",6900.,"03","LICORES","0309","OTROS","0200","D"
946,"TROPICAL GIN",10900,"03","LICORES","0309","OTROS","0200","N"
996,"VALES CONVENIO",0.00,"99","FAMILIA 99","9999","ADMINISTRACION","","N"
307,"VASO DE AGUA",0.00,"02","BEB,JUG,CERV","0201","BEBIDAS","0201","N"
6512,"VERD SALTEADA",3500.,"01","MR JACK","0111","ACOMP","0111","D"
1011,"VERMOUTH ROSSO",4990.,"03","LICORES","0309","OTROS","0200","D"
1017,"VICTORIA GREEN",5900.,"03","LICORES","0309","OTROS","0200","D"
438,"VODKA PREMIUM",7000.,"03","LICORES","0304","VODKA","0200","D"
332,"WHISKY SOUR",9900.,"03","LICORES","0303","WHISKY","0200","N"
